"entityID","entity","tier1and2entity","tier1and2entityID","entityIDAbove","mission","website","operational","decision","regulatory","research","level"
"n01","Utah","Utah",1,"NA",NA,"https://www.utah.gov/index.html","Yes","Yes","Yes","Yes",1
"n02","Department of Agriculture and Food","Department of Agriculture and Food",2,"n01","Promote the healthy growth of Utah agriculture, conserve our natural resources and protect our food supply.","https://ag.utah.gov","No","Yes","No","No",2
"n03","Conservation Division","Department of Agriculture and Food",2,"n02","Preserve and protect Utah’s soil and water resources and ensure the development and utilization for the betterment of Utah agriculture and its people.","https://ag.utah.gov/farmers/conservation-division/","No","Yes","No","No",3
"n04","Department of Commerce","Department of Commerce",3,"n01","Provide oversight of business registrations, trademarks, Uniform Commercial Code filings, occupational and professional licensing, consumer protection, public utilities, securities, real estate and residential mortgage lending.","https://commerce.utah.gov/","Yes","No","Yes","No",2
"n05","Division of Public Utilities","Department of Commerce",3,"n04","Promotes the public interest in utility regulation and works to assure that all utility customers have access to safe, reliable service at reasonable prices","https://dpu.utah.gov/about.html","Yes","No","Yes","No",3
"n06","Water Section","Department of Commerce",3,"n05","Monitors and regulates numerous private water companies in Utah.","https://dpu.utah.gov/utillist-water.html","Yes","No","Yes","No",4
"n07","Department of Environmental Quality","Department of Environmental Quality",4,"n01","Safeguarding and improving Utah’s air, land and water through balanced regulation.","https://deq.utah.gov/","Yes","Yes","Yes","No",2
"n08","Division of Drinking Water","Department of Environmental Quality",4,"n07","Safeguarding the quality and quantity of Utah's drinking water through balanced regulation.","https://deq.utah.gov/division-drinking-water","Yes","No","Yes","No",3
"n09","Division of Water Quality","Department of Environmental Quality",4,"n07","Safeguarding and improving Utah's water through balanced regulation.","https://deq.utah.gov/division-water-quality","Yes","No","Yes","No",3
"n10","Division of Environmental Response and Remediation","Department of Environmental Quality",4,"n07","Safeguarding and improving Utah’s air, land and water through balanced regulation.","https://deq.utah.gov/division-environmental-response-remediation","No","Yes","Yes","No",3
"n11","Department of Health","Department of Health",5,"n01","Provides information needed to plan, implement, and evaluate interventions and programs related to the multiple goals and objectives of the Utah Department of Health. In addition, health and health care system information are made available to the public to help consumers make informed health care decisions","https://health.utah.gov/","No","Yes","No","Yes",2
"n12","Center for Health Data Informatics","Department of Health",5,"n11","Ensure Utah is a place where accurate, secure, and timely health data are available to improve health for all","http://health.utah.gov/chd/","No","Yes","No","Yes",3
"n13","Department of Natural Resources","Department of Natural Resources",6,"n01","Helps ensure the quality of life of Utah residents by managing and protecting the state's abundant natural resources","https://naturalresources.utah.gov/","Yes","Yes","Yes","Yes",2
"n14","Division of Water Resources","Department of Natural Resources",6,"n13","Plan, conserve, develop and protect Utah's water resources","https://water.utah.gov/","Yes","Yes","Yes","Yes",3
"n15","Basin Planning","Department of Natural Resources",6,"n14","Prepares and updates the State Water Plan, statewide water-use numbers, regional conservation goals, and basin reports","https://water.utah.gov/division-sections/planning-section/","No","Yes","No","Yes",4
"n16","Conservation Program","Department of Natural Resources",6,"n14","Help conserve water","https://conservewater.utah.gov/default.asp","No","Yes","No","Yes",4
"n17","Project Funding Program","Department of Natural Resources",6,"n14","Helps the Board of Water Resources administer revolving funds to develop new water projects and refurbish aging projects throughout the State of Utah","https://water.utah.gov/development-branch/project-funding/","No","Yes","Yes","No",4
"n18","Construction & Design Program","Department of Natural Resources",6,"n14","Provides engineering design and construction management services for various board-funded irrigation and dam safety projects as well as providing water-related engineering assistance","https://water.utah.gov/development-branch/construction/","Yes","No","No","No",4
"n19","Geology Program","Department of Natural Resources",6,"n14","Provides geologic expertise in areas of general geology, hydrology, wells, groundwater recharge, geologic hazards, public inquiries, and education.","https://water.utah.gov/division-sections/geology-2/","Yes","No","No","No",4
"n20","Hydrology & Modeling Program","Department of Natural Resources",6,"n14","Supports the planning and development activities of the Division of Water Resources by determining whether water supplies are sufficient, determining whether reservoirs and/or pipelines will assist in solving water shortages, supplying water budget data for statewide water planning, assisting the Construction & Design section with dam safety projects.","https://water.utah.gov/planning/hydrology-modeling/","Yes","Yes","No","Yes",4
"n21","Technical Services Program","Department of Natural Resources",6,"n14","Provides Geographic Information Systems and Computer Aided Design services to the rest of the division, our partners, and the public.","https://water.utah.gov/division-sections/technical-services/","Yes","Yes","No","No",4
"n22","Water Education Program","Department of Natural Resources",6,"n14","Help prepare today's children for responsible citizenship in the next century through developing awareness, knowledge, and skills for efficient water use.","https://watered.utah.gov/","No","No","No","Yes",4
"n23","Division of Water Rights","Department of Natural Resources",6,"n13","Administers the appropriation and distribution of the state's valuable water resources, both surface and underground","https://www.waterrights.utah.gov/","Yes","Yes","Yes","No",3
"n24","Water Rights Program","Department of Natural Resources",6,"n23","Regulates the appropriation and distribution of water rights in the State of Utah.","https://www.waterrights.utah.gov/wrinfo/default.asp","No","No","Yes","No",4
"n25","Distribution Program","Department of Natural Resources",6,"n23","Records of water diversion from surface and underground sources which are included in River Commissioner managed water distribution systems","https://waterrights.utah.gov/distinfo/default.asp","No","Yes","No","No",4
"n26","Well Drilling Program","Department of Natural Resources",6,"n23","Responsible for licensing requirements and well construction criteria and the promulgation of the Administrative Rules for Water Well Drillers and Pump Installers","https://waterrights.utah.gov/wellinfo/default.asp","No","No","Yes","No",4
"n27","Dam Safety","Department of Natural Resources",6,"n23","Regulate dams for the purpose of protecting public safety","https://waterrights.utah.gov/daminfo/default.asp","No","No","Yes","No",4
"n28","Stream Alteration","Department of Natural Resources",6,"n23","Protect the natural resource value of the state’s streams and protect the water rights and recreational opportunities associated with them","https://waterrights.utah.gov/strmalt/default.asp","No","No","Yes","No",4
"n29","Adjudication Program","Department of Natural Resources",6,"n23","Bring order and certainty to the water rights record throughout the state by defining existing rights, quantifying unknown rights, and removing unused and abandoned rights from the record through judicial decree.","https://waterrights.utah.gov/adjdinfo/default.asp","No","No","Yes","No",4
"n30","Enforcement Program","Department of Natural Resources",6,"n23","Operates collaboratively with other sections within the State Engineer’s Office and works to terminate violations and, where appropriate, by assessing monetary penalties and ordering replacement of water taken without a water rights.","https://www.waterrights.utah.gov/regulation/default.asp","No","No","Yes","No",4
"n31","Proof of Beneficial Use Program","Department of Natural Resources",6,"n23","Processes the proof (sworn statement) of a constructued diversion and conveyance works and the beneficial use of water.","https://www.waterrights.utah.gov/proofs/default.asp","No","No","Yes","No",4
"n32","Tile Transfer Program","Department of Natural Resources",6,"n23","Manages water right titles.","https://www.waterrights.utah.gov/titleInfo/default.asp","No","No","Yes","No",4
"n33","Division of Oil, Gas and Mining","Department of Natural Resources",6,"n13","Regulate the exploration and development of coal, oil and gas, and other minerals in a manner which
1. encourages responsible reclamation and development;
2. protects correlative rights;
3. prevents waste; and
4. protects human health and safety, the environment, and the interests of the state and its citizens.","https://www.ogm.utah.gov/about.php#mission","No","Yes","Yes","No",3
"n34","Coal Program","Department of Natural Resources",6,"n33","Regulate exploration for, and development of, coal conformance with UCA 40-10 and Surface Mining Control and Reclamation Act of 1977 which supports the existence of a viable coal mining industry to meet the nation's energy needs,
implements standards that safeguard the environment and protect public health and safety, and achieves the successful reclamation of land affected by coal mining activities.","https://www.ogm.utah.gov/coal/about.php#mission","No","Yes","Yes","No",4
"n35","Oil and Gas Program","Department of Natural Resources",6,"n33","Promotes the exploration, development and conservation of oil and gas resources, fosters a fair economic return to the general public for those resources and maintains sound, regulatory oversight to ensure environmentally acceptable activities","https://oilgas.ogm.utah.gov/oilgasweb/index.xhtml","No","Yes","Yes","No",4
"n36","Geological Survey","Department of Natural Resources",6,"n13","Povides timely scientific information about Utah’s geologic environment, resources, and hazards.","https://geology.utah.gov/","No","Yes","No","Yes",3
"n37","Forestry, Fire & State Lands","Department of Natural Resources",6,"n13","Responsible for forest health, responding to wildland fires and managing sovereign lands in Utah.","https://ffsl.utah.gov/","No","Yes","No","No",3
"n38","Department of Public Safety","Department of Public Safety",7,"n01","Plays a vital role within the department to provide services to all divisions within the department","https://publicsafety.utah.gov/","No","Yes","No","Yes",2
"n39","Emergency Management Division","Department of Public Safety",7,"n38","Unite the emergency management community and to coordinate the efforts necessary to mitigate, prepare for, respond to and recover from emergencies, disasters and catastrophic events.","https://dem.utah.gov/","No","Yes","No","Yes",3
"n40","Flood Mitigation Assistance Program","Department of Public Safety",7,"n39","Provides funding to assist States and communities in implementing measures to reduce or eliminate the long-term risk of flood damage to buildings, manufactured homes, and other structures insurable under the National Flood Insurance Program.","https://dem.utah.gov/grants/non-disaster-grants/fma/","No","Yes","No","No",4
"n41","State Hazard Mitigation Program","Department of Public Safety",7,"n39","A safe, resilient Utah capable of recovering from a natural disaster through mitigation projects designed to prevent loss of life, protect property, and reduce post-disaster expenses","https://hazards.utah.gov/","No","Yes","No","Yes",4
"n42","Office of Energy Development","Office of Energy Development",8,"n01","Committed to advancing Utah’s energy & minerals economies for the provision of affordable, reliable, and sustainable outcomes that provide significant and lasting value to the state.","https://energy.utah.gov/","No","Yes","No","No",2
"n43","Technology Coordination Office - Automated Geographic Reference Center","Technology Coordination Office - Automated Geographic Reference Center",9,"n01","Encourage and facilitate the effective use of geospatial information and technology for Utah.","https://gis.utah.gov/","No","Yes","No","No",2
"n44","Utah State University","Utah State University",10,"n01","To be one of the nation’s premier student-centered land-grant and space-grant universities by fostering the principle that academics come first, by cultivating diversity of thought and culture, and by serving the public through learning, discovery and engagement.","http://www.usu.edu/","No","Yes","No","Yes",2
"n45","Utah Climate Center","Utah State University",10,"n44","Strives to provide quality climate data.","https://climate.usu.edu/index.php","No","Yes","No","Yes",3
