"entityID","entity","tier1and2entity","tier1and2entityID","entityIDAbove","mission","website","operational","decision","regulatory","research","level"
"n01","Colorado","Colorado",1,"NA",NA,"https://www.colorado.com/","Yes","Yes","Yes","Yes",1
"n02","Department of Natural Resources","Department of Natural Resources",2,"n01","manage and conserve Colorado’s natural resources for the benefit of people today – and tomorrow","https://cdnr.us/#/start","Yes","Yes","Yes","Yes",2
"n03","Colorado Avalance Information Center","Department of Natural Resources",2,"n02","to provide avalanche information, education and promote research for the protection of life, property and the enhancement of the state’s economy.","https://avalanche.state.co.us/","No","No","No","Yes",3
"n04","Division of Forestry","Department of Natural Resources",2,"n02","achieve stewardship of Colorado’s diverse forest environments for the benefit of present and future generations.","https://csfs.colostate.edu/","No","Yes","No","No",3
"n05","Division of Reclamation, Mining & Safety","Department of Natural Resources",2,"n02","protect the public, miners and the environment during current mining operations, restore abandoned mines, and to ensure that all mined land is reclaimed to beneficial use.","https://www.colorado.gov/drms","Yes","No","Yes","No",3
"n06","Colorado Oil & Gas Conservation Commision","Department of Natural Resources",2,"n02","regulate the development and production of the natural resources of oil and gas in the state of Colorado in a manner that protects public health, safety, welfare, the environment and wildlife resources.","http://cogcc.state.co.us/","No","No","Yes","No",3
"n07","Division of Parks & Wildlife","Department of Natural Resources",2,"n02","perpetuate the wildlife resources of the state, to provide a quality state parks system, and to provide enjoyable and sustainable outdoor recreation opportunities that educate and inspire current and future generations to serve as active stewards of Colorado's natural resources.","http://cpw.state.co.us/","No","Yes","No","No",3
"n08","Division of Water Resources","Department of Natural Resources",2,"n02","administer the waters of the State to maximize lawful beneficial use, ensure that dams and water wells are properly constructed and safe, and provide information about water resources to the public.","http://water.state.co.us","Yes","Yes","Yes","Yes",3
"n09","Dam Safety Program","Departmentof Natural Resources",2,"n08","carries out two principal statutorily defined duties; determining the safe storage level of the reservoir dams, and reviewing and approving plans and specifications for the construction and repair of Jurisdictional dams, modern dam safety best-practice includes an assortment of engineering and risk management tools","https://dwr.colorado.gov/services/dam-safety","Yes","No","Yes","No",4
"n10","Data and Information Program","Departmentof Natural Resources",2,"n08","supports and maintains DWR's database of streamflows, diversion records, lake storage levels, water rights and more in order to support water administration and inform the public","https://dwr.colorado.gov/services/data-information","Yes","Yes","No","No",4
"n11","Water Administration","Departmentof Natural Resources",2,"n08","administers water rights calls","https://dwr.colorado.gov/services/water-administration","Yes","No","Yes","No",4
"n12","Well Construction and Inspection Program","Departmentof Natural Resources",2,"n08","protects the groundwater resources and public health through enforcement of minimum well construction and pump installation standards","https://dwr.colorado.gov/services/well-construction-inspection","No","No","Yes","No",4
"n13","Well Metering Program","Departmentof Natural Resources",2,"n08","oversees State Engineer rules on measuring groundwater with interstate compacts and intrabasin concerns","https://dwr.colorado.gov/services/well-metering","Yes","Yes","Yes","No",4
"n14","Well Permitting Program","Departmentof Natural Resources",2,"n08","issues and maintains permits on well water use","https://dwr.colorado.gov/services/well-permitting","Yes","No","Yes","No",4
"n15","Water Conservation Board","Department of Natural Resources",2,"n02","represents each major water basin, Denver and other state agencies in our joint effort to use water wisely and protect our water for future generations.","https://cwcb.colorado.gov/","Yes","Yes","Yes","Yes",3
"n16","Supply Focus Area","Department of Natural Resources",2,"n15","envisions a Colorado that balances municipal, industrial, agricultural, environmental and recreational water needs and promotes cooperation among all water uses. The vision is supported by many water supply goals, which, when evaluated together, support the development of more balanced water supply strategies.","https://cwcb.colorado.gov/supply","Yes","Yes","Yes","Yes",4
"n17","Ecosystem Health Focus Area","Department of Natural Resources",2,"n15","develops managmeent strategies tha tprotect and restore our natural ecosystem services, wildlife, and diverse plant communities","https://cwcb.colorado.gov/ecosystem-health","Yes","Yes","Yes","Yes",4
"n18","Interstate Focus Area","Department of Natural Resources",2,"n15","partners with downstream neighbors to manage water in Colorado following nine Interstate Compacts and an international treaty with Mexico","https://cwcb.colorado.gov/interstate-new","No","Yes","Yes","No",4
"n19","Industries Focus Area","Department of Natural Resources",2,"n15","explores how Colorado industries directly impact the state's water resources","https://cwcb.colorado.gov/industries","No","Yes","No","Yes",4
"n20","Hazards Focus Area","Department of Natural Resources",2,"n15","coordinates with agencies statewide to build resilience to natural hazards","https://cwcb.colorado.gov/hazards","Yes","Yes","No","No",4
"n21","Department of Public Health & Environment","Department of Public Health & Environment",3,"n01","advancing Colorado’s health and protecting the places we live, learn, work, and play.","https://www.colorado.gov/cdphe","Yes","Yes","Yes","Yes",2
"n22","Water Quality Control Division","Department of Public Health & Environment",3,"n21","advancing Colorado’s health and protecting the places we live, learn, work, and play.","https://www.colorado.gov/cdphe/wqcd","Yes","No","Yes","No",3
"n23","Clean Water Program","Department of Public Health & Environment",3,"n22","advancing Colorado’s health and protecting the places we live, learn, work, and play.","https://www.colorado.gov/pacific/cdphe/clean-water","Yes","No","Yes","No",4
"n24","Safe Drinking Water Program","Department of Public Health & Environment",3,"n22","advancing Colorado’s health and protecting the places we live, learn, work, and play.","https://www.colorado.gov/pacific/cdphe/drinking-water","Yes","No","Yes","No",4
"n25","Center for Health and Environmental Data","Department of Public Health & Environment",3,"n21","provide timely, innovative and high-quality public health data collection, analysis and reporting services to drive evidence-based decisions, translate data into action and support policy development to protect and improve the health and environment of all Coloradans.","https://www.colorado.gov/pacific/cdphe/center-health-and-environmental-data","No","Yes","No","No",3
"n26","Disease Control and Environmental Epidemiology","Department of Public Health and Environment",3,"n21","advancing Colorado’s health and protecting the places we live, learn, work, and play.","https://www.colorado.gov/pacific/cdphe/dceed","No","Yes","Yes","Yes",3
"n27","Departent of Agriculture","Department of Agriculture",4,"n01","strengthen and advance Colorado agriculture; promote a safe and high-quality food supply; protect consumers; and foster responsible stewardship of the environment and natural resources.","https://www.colorado.gov/agmain","Yes","No","Yes","No",2
"n28","Conservation Services Division","Department of Agriculture",4,"n27","provides technical and financial support, leadership and statewide coordination, and regulatory oversight to public/private landowners and agricultural businesses statewide on an array of natural resource management challenges.","https://www.colorado.gov/pacific/agconservation","Yes","No","Yes","No",3
"n29","Agricultural Water Quality Program","Department of Agriculture",4,"n28","protects state waters and the environment from impairment or degradation due to the improper use of agricultural chemicals while allowing for their proper and correct use.","https://www.colorado.gov/agconservation/AWQP","Yes","No","Yes","No",4
"n30","Chemigation Program","Department of Agriculture",4,"n28","protect aquifers and surface water from possible contamination by agricultural chemicals applied through the closed irrigation systems.","https://www.colorado.gov/pacific/agconservation/chemigation","No","No","Yes","No",4
"n31","Department of Regulatory Agencies","Department of Regulatory Agencies",5,"n01","serves the public interest by effectively regulating utilities and facilities so that the people of Colorado receive safe, reliable, and reasonably-priced services consistent with the economic, environmental and social values of our state.","https://www.colorado.gov/dora","No","No","Yes","Yes",2
"n32","Colorado Public Utilities Commission","Department of Regulatory Agencies",5,"n31","effectively regulating utilities and facilities so that the people of Colorado receive safe, reliable, and reasonably-priced services consistent with the economic, environmental and social values of our state.","https://puc.colorado.gov/","No","No","Yes","Yes",3
"n33","Energy Section","Department of Regulatory Agencies",5,"n32","responsible for supporting the mission of the Commission to assure the availability of safe, reliable, adequate, and efficient electric, gas, steam and water services to utility customers at rates that are just, reasonable, and not discriminatory.","https://puc.colorado.gov/energyandwater","No","No","Yes","Yes",4
"n34","Colorado State University","Colorado State University",6,"n01",NA,"https://www.colostate.edu/","No","Yes","No","Yes",2
"n35","Colorado Climate Center","Colorado State University",6,"n34","providing information and expertise on Colorado's complex climate","https://climate.colostate.edu/","No","Yes","No","Yes",3
"n36","Colorado School of Mines","Colorado School of Mines",7,"n01","focused on science and engineering, where students and faculty together address the great challenges society faces today—particularly those related to the Earth, energy and the environment.","https://www.mines.edu/","No","Yes","No","Yes",2
"n37","Colorado Geologic Survey","Colorado School of Mines",7,"n36","To help reduce the impact of geologic hazards on the citizens of Colorado; to promote responsible economic development of mineral and energy resources; to provide geologic insight into water resources; and to proffer sound geologic advice and information to a variety of constituencies.","https://coloradogeologicalsurvey.org/","No","Yes","No","Yes",3
"n38","Water Program","Colorado Geologic Survey",7,"n37","studying how geology and human activities impact Colorado’s important groundwater resources.","https://coloradogeologicalsurvey.org/water/","No","No","No","Yes",4
"n39","Department of Transportation","Department of Transportation",8,"n01","To provide the best multi-modal transportation system for Colorado that most effectively and safely moves people, goods, and information.","https://www.codot.gov/","Yes","Yes","Yes","No",2
"n40","Environmental Programs Branch","Department of Transportation",8,"n39","manages environmental policy, environmental procedure, programmatic agreements and environmental data to inform the planning and project development process","https://www.codot.gov/programs/environmental","Yes","No","No","No",3
"n41","Water Quality Section","Department of Transportation",8,"n40","Ensure the quality of stormwater runoff is protected while Colorado's roadways are constructed, operated, and maintained;Promote innovative control measures (i.e. best management practices);Provide effective water quality education to CDOT staff; and facilitate cooperation between CDOT, watershed groups, and other water quality program managers, businesses and the public","https://www.codot.gov/programs/environmental/water-quality","Yes","No","No","No",4
"n42","Environmental Policy and Biological Resources Section","Department of Transportation",8,"n40","provide technical assistance for transportation project developmentand construction with the goal of an overall benefit to the aquatic ecosystems in Colorado","https://www.codot.gov/programs/environmental/wetlands/overview.html","Yes","No","No","No",4
"n43","Colorado Information Marketplace","Office of Information",9,"n01","Colorado's open data at your fingertips","https://data.colorado.gov/","No","Yes","No","Yes",2
